,date,access_users_num,membership_join_num,reservation_users_num,action_sequence_len_min,action_sequence_len_max,action_sequence_len_mean,action_sequence_len_median,first_access_location_modest,first_access_location_least,departure_location_modest,departure_location_least,access_location_modest,access_location_least,stay_time_min,stay_time_max,stay_time_mean,stay_time_median,0,1,2,3,4,5,6,7,8,9,10,11,12,13,14,15,16,17,18,19,20,21,22,23
0,2020-12-09,720,5,9,1,96,4.856944444444444,3.0,m.search.naver.com,디아넥스 웹 호텔 소개,포도호텔 모바일 홈페이지,골프클럽 접속 웹,포도호텔 모바일 홈페이지,디아넥스 웹 리조트 찾아오시는 길,0,26671,700.9263888888889,14.0,0,0,0,0,0,0,0,0,0,0,0,0,0,0,0,85,105,72,77,93,106,130,52,0
1,2020-12-10,2211,12,30,1,69,4.710538218000905,3.0,m.search.naver.com,www.accuweather.com,포도호텔 모바일 홈페이지,골프클럽 접속 모바일 뉴스룸(기본 틀),포도호텔 모바일 홈페이지,www.accuweather.com,0,84179,2130.77250113071,11.0,99,74,36,25,26,22,30,54,66,77,109,134,117,111,119,110,133,111,99,83,136,158,171,111
2,2020-12-11,1851,12,28,1,77,4.763371150729336,3.0,m.search.naver.com,m.saramin.co.kr,포도호텔 모바일 홈페이지,영문 페이지 비오토피아 모바일 박물관 소개,포도호텔 모바일 홈페이지,골프클럽 접속 모바일 핀크스 회사 연혁소개,0,82833,2117.342517558077,11.0,90,57,48,25,18,20,30,44,57,118,95,115,114,83,108,81,108,90,57,82,95,92,115,109
3,2020-12-12,1585,13,27,1,57,4.500315457413249,3.0,m.search.naver.com,job.incruit.com,포도호텔 모바일 홈페이지,포도호텔 모바일 웨딩 관련 개인정보 관련 동의서,포도호텔 모바일 홈페이지,job.incruit.com,0,85153,2385.4208201892743,11.0,82,49,34,20,24,28,28,50,48,51,71,73,63,62,66,90,69,82,65,84,93,126,126,101
4,2020-12-13,1624,17,30,1,43,4.804802955665025,3.0,m.search.naver.com,www.jprime.jp,포도호텔 모바일 홈페이지,비오토피아 웹 홈페이지,포도호텔 모바일 홈페이지,디아넥스 웹 예약정보 조회,0,83427,2353.4913793103447,17.0,83,41,25,18,24,22,20,46,39,73,61,63,92,75,71,104,95,96,73,96,105,104,105,93
5,2020-12-15,1788,10,26,1,56,4.712527964205816,3.0,m.search.naver.com,디아넥스 모바일 핀크스 회사 연혁소개,포도호텔 모바일 홈페이지,디아넥스 모바일 핀크스 회사 연혁소개,포도호텔 모바일 홈페이지,디아넥스 모바일 핀크스 회사 연혁소개,0,84872,1918.6996644295302,12.0,78,47,26,16,14,11,19,35,61,95,105,88,92,104,98,126,101,92,75,87,110,108,109,91
6,2020-12-16,1720,12,25,1,60,4.404651162790698,3.0,m.search.naver.com,디아넥스 모바일 객실예약 인원수,포도호텔 모바일 홈페이지,포도호텔 모바일 호텔 기념품 리스트,포도호텔 모바일 홈페이지,골프클럽 접속 웹 사이트맵,0,82217,2032.2790697674418,4.0,64,61,39,15,28,20,18,39,60,86,89,101,72,74,75,87,109,84,76,90,123,98,102,110
7,2020-12-17,1597,13,20,1,61,4.451471509079524,3.0,m.search.naver.com,boardingarea.com,포도호텔 모바일 홈페이지,영문 페이지 비오토피아 모바일 홈페이지,포도호텔 모바일 홈페이지,boardingarea.com,0,81863,1885.92360676268,3.0,75,28,32,24,31,14,12,37,46,86,86,74,69,78,95,81,83,83,80,77,102,91,102,111
8,2020-12-18,1520,11,22,1,152,4.748684210526315,3.0,m.search.naver.com,디아넥스 웹 컨퍼런스룸 안내,포도호텔 모바일 홈페이지,디아넥스 웹 컨퍼런스룸 안내,포도호텔 모바일 홈페이지,골프클럽 접속 모바일 제주도 축제/행사 리스트,0,79998,2168.6447368421054,4.0,59,46,24,15,21,13,21,36,35,69,70,82,73,72,86,87,100,98,67,75,90,79,97,105
9,2020-12-19,1377,7,20,1,62,4.4880174291939,3.0,m.search.naver.com,포도호텔 웹 예약 안내,포도호텔 모바일 홈페이지,디아넥스 모바일 온천 소개 메인,포도호텔 모바일 홈페이지,포도호텔 모바일 고객리뷰,0,85796,2340.2621641249093,10.0,91,55,27,15,19,13,19,18,43,36,47,59,82,60,77,77,79,75,72,64,94,98,83,74
10,2020-12-20,1508,11,14,1,52,4.389257294429708,3.0,m.search.naver.com,포도호텔 모바일 룸 소개 메인,포도호텔 모바일 홈페이지,thongtinhanquoc.com,포도호텔 모바일 홈페이지,thongtinhanquoc.com,0,74851,2233.7984084880636,8.0,58,39,35,18,22,12,27,20,27,46,41,71,64,67,70,81,96,77,82,120,133,104,118,80
11,2020-12-21,1496,5,12,1,55,4.625,3.0,m.search.naver.com,m.enclean.com,포도호텔 모바일 홈페이지,포도호텔 모바일 갤러리 소이 소개,포도호텔 모바일 홈페이지,m.enclean.com,0,84294,1712.000668449198,10.0,86,57,40,13,13,20,25,48,36,63,76,80,62,67,81,56,60,64,58,59,92,103,145,92
12,2020-12-22,1540,3,22,1,60,4.944805194805195,4.0,m.search.naver.com,1.226.66.240:80,포도호텔 모바일 홈페이지,포도호텔 모바일 갤러리 소이 전시품 안내,포도호텔 웹 홈페이지,골프클럽 접속 웹 핀크스 회사 소개,0,81872,1498.118831168831,15.0,73,64,56,35,23,15,35,30,48,80,77,76,79,79,80,84,146,79,81,64,72,61,58,45
13,2020-12-23,1614,11,16,1,58,4.24907063197026,3.0,포도호텔 모바일 홈페이지,www.lovespoon.co.kr,포도호텔 모바일 홈페이지,포도호텔 웹 객실예약 결제,포도호텔 모바일 홈페이지,www.lovespoon.co.kr,0,84346,1527.6109045848823,3.0,55,32,21,10,11,10,21,23,45,79,97,215,201,111,84,72,85,69,90,53,53,52,86,39
14,2020-12-24,1108,8,9,1,39,4.215703971119134,3.0,m.search.naver.com,포도호텔 웹 예약 안내,포도호텔 모바일 홈페이지,www.bing.com,포도호텔 모바일 홈페이지,www.vogue.co.kr,0,82372,1533.8682310469314,3.0,75,39,33,25,8,12,20,28,42,47,82,72,57,65,87,48,50,53,58,43,29,37,56,42
15,2020-12-25,1397,5,6,1,62,3.614889047959914,2.0,포도호텔 모바일 홈페이지,www.google.at,포도호텔 모바일 홈페이지,www.google.at,포도호텔 모바일 홈페이지,www.google.at,0,78392,1484.5912670007158,1.0,35,32,19,13,14,27,42,53,74,105,153,83,66,72,74,70,69,48,54,67,45,65,62,55
16,2020-12-26,1463,12,1,1,57,3.8257006151742994,2.0,포도호텔 모바일 홈페이지,디아넥스 모바일 뉴스룸(기본 틀),포도호텔 모바일 홈페이지,골프클럽 접속 웹 홈페이지,포도호텔 모바일 홈페이지,디아넥스 웹 골프탕탕 소개,0,80179,1828.3841421736158,2.0,62,28,21,10,10,11,20,23,35,44,50,44,69,69,98,93,108,71,81,83,92,104,115,122
17,2020-12-27,1599,7,0,1,69,3.930581613508443,2.0,m.search.naver.com,www.gdweb.co.kr,포도호텔 모바일 홈페이지,디아넥스 웹 수영장 소개,포도호텔 모바일 홈페이지,www.gdweb.co.kr,0,84028,2163.9224515322076,2.0,75,27,39,18,7,16,21,16,45,42,68,54,76,80,79,82,94,84,99,117,128,101,131,100
18,2020-12-28,1662,11,12,1,38,3.9428399518652224,2.0,포도호텔 모바일 홈페이지,디아넥스 모바일 온천 소개 메인,포도호텔 모바일 홈페이지,디아넥스 모바일 P-스토어 안내,포도호텔 모바일 홈페이지,골프클럽 접속 모바일 골프코스 WEST COURSE 소개,0,82650,2021.1004813477737,3.0,75,32,28,24,10,10,14,24,37,58,75,77,64,75,112,77,105,91,86,76,116,130,160,106
19,2020-12-29,1992,2,14,1,36,3.341867469879518,2.0,포도호텔 모바일 홈페이지,www.kapwing.com,포도호텔 모바일 홈페이지,www.kapwing.com,포도호텔 모바일 홈페이지,www.kapwing.com,0,84501,2165.9558232931727,1.0,79,51,34,90,85,30,24,38,73,72,71,71,69,90,82,94,130,102,90,82,120,122,161,132
20,2020-12-30,1618,5,14,1,68,3.6489493201483314,2.0,포도호텔 모바일 홈페이지,www.nbntv.co.kr,포도호텔 모바일 홈페이지,디아넥스 웹 공지사항(기본 틀),포도호텔 모바일 홈페이지,www.nbntv.co.kr,0,85364,2731.003090234858,2.0,90,53,36,22,26,20,10,24,38,54,67,71,72,58,67,75,102,106,67,91,99,133,133,104
21,2020-12-31,1709,8,8,1,38,3.2715038033937978,2.0,포도호텔 모바일 홈페이지,골프탕탕 관련 요소 웹 홈페이지,포도호텔 모바일 홈페이지,비오토피아 모바일 핀크스 회사 소개,포도호텔 모바일 홈페이지,비오토피아 모바일 핀크스 회사 소개,0,84775,2504.3616149795203,1.0,102,48,27,23,24,19,22,31,48,66,59,69,72,70,98,86,134,109,113,92,109,95,112,81
22,2021-01-05,1685,11,21,1,55,3.9667655786350147,2.0,포도호텔 모바일 홈페이지,fnb.thepinx.com,포도호텔 모바일 홈페이지,인재채용 채용 공지사항,포도호텔 모바일 홈페이지,fnb.thepinx.com,0,82598,1354.9157270029673,2.0,70,21,36,33,72,52,63,94,104,68,72,65,74,97,85,91,83,73,46,79,78,89,58,82
23,2021-01-06,1561,4,16,1,46,4.137732222934017,3.0,포도호텔 모바일 홈페이지,www.hankookilbo.com,포도호텔 모바일 홈페이지,골프클럽 접속 모바일 레스토랑 안내,포도호텔 모바일 홈페이지,www.hankookilbo.com,0,84632,1870.3042921204355,7.0,57,35,24,23,16,14,23,28,40,92,78,92,69,78,85,82,95,81,89,84,120,84,111,61
24,2021-01-07,1341,7,17,1,63,4.256524981357196,3.0,m.search.naver.com,포도호텔 모바일 예약 안내,포도호텔 모바일 홈페이지,인재채용 채용 공지사항,포도호텔 모바일 홈페이지,골프클럽 접속 모바일 스타트 하우스 안내,0,80387,1633.234153616704,4.0,68,38,31,23,19,13,8,15,41,43,75,79,45,62,85,96,80,63,62,53,75,85,98,84
25,2021-01-08,1497,16,21,1,36,3.9585838343353372,2.0,포도호텔 모바일 홈페이지,www.pinxgc.co.kr,포도호텔 모바일 홈페이지,디아넥스 웹 객실 패밀리 스위트 안내,포도호텔 모바일 홈페이지,골프클럽 접속 모바일 골프코스 WEST COURSE 소개,0,83990,2319.9485637942553,5.0,76,28,35,10,22,16,10,17,17,58,70,75,81,109,114,106,104,91,63,60,64,98,88,85
26,2021-01-09,1344,12,27,1,39,4.010416666666667,3.0,m.search.naver.com,포도호텔 웹 로얄 스위트 한실 소개,포도호텔 모바일 홈페이지,디아넥스 모바일 마케팅 관련 개인정보 관련 동의서,포도호텔 모바일 홈페이지,디아넥스 모바일 마케팅 관련 개인정보 관련 동의서,0,82973,1697.266369047619,3.0,69,44,25,16,12,13,15,24,27,57,53,65,96,61,89,112,79,78,69,47,71,89,61,72
27,2021-01-10,1617,14,36,1,143,4.524427952999382,3.0,포도호텔 모바일 홈페이지,디아넥스 웹 예약 안내,포도호텔 모바일 홈페이지,디아넥스 웹 객실 패밀리룸 안내,포도호텔 모바일 홈페이지,lesignhotel.com,0,83369,2166.008658008658,14.0,102,38,35,21,15,14,10,44,35,45,63,77,76,67,91,106,115,79,80,96,100,114,111,83
28,2021-01-11,1605,20,24,1,40,4.765109034267913,3.0,m.search.naver.com,포도호텔 모바일 룸 소개 메인,포도호텔 모바일 홈페이지,m.search.daum.net,포도호텔 웹 홈페이지,디아넥스 모바일 비밀번호 변경,0,77149,1576.5084112149532,17.0,77,49,29,18,25,17,28,22,41,36,84,74,62,78,93,72,104,105,105,83,85,102,133,83
29,2021-01-12,1853,15,32,1,66,4.48461953588775,3.0,포도호텔 모바일 홈페이지,포도호텔 모바일 객실예약 객실 옵션 선택,포도호텔 모바일 홈페이지,디아넥스 모바일 핀크스 회사 소개,포도호텔 모바일 홈페이지,디아넥스 모바일 핀크스 회사 소개,0,84279,2027.605504587156,14.0,83,34,23,13,9,13,14,23,31,70,85,88,98,103,111,156,98,102,102,89,119,134,138,117
30,2021-01-13,1843,14,22,1,63,4.58654367878459,3.0,m.search.naver.com,일본 페이지 접속 골프클럽 접속 모바일 홈페이지,포도호텔 모바일 홈페이지,일본 페이지 접속 골프클럽 접속 모바일 홈페이지,포도호텔 모바일 홈페이지,포도호텔 홈페이지,0,83112,1454.5805751492132,14.0,82,42,33,21,10,13,13,19,48,56,95,102,72,88,104,94,106,106,87,110,127,164,139,112
31,2021-01-14,1797,10,22,1,45,4.521981079577073,3.0,m.search.naver.com,골프클럽 접속 웹 객실패키지 안내,포도호텔 모바일 홈페이지,골프클럽 접속 모바일 골프코스 WEST COURSE 소개,포도호텔 모바일 홈페이지,비오토피아 모바일 핀크스 회사 연혁소개,0,85582,2191.567612687813,16.0,108,34,22,24,18,31,18,34,33,80,79,99,87,82,96,90,111,94,86,94,116,119,135,107
32,2021-01-15,1797,12,22,1,61,4.275459098497496,3.0,m.search.naver.com,www.lifeplus.co.kr,포도호텔 모바일 홈페이지,골프클럽 접속 모바일 호텔 소개,포도호텔 모바일 홈페이지,www.lifeplus.co.kr,0,84566,2194.5125208681134,11.0,124,48,36,20,19,14,34,37,38,59,87,77,88,85,95,135,100,93,76,90,108,130,130,74
33,2021-01-16,1750,16,30,1,41,4.18,3.0,m.search.naver.com,myactivity.google.com,포도호텔 모바일 홈페이지,myactivity.google.com,포도호텔 모바일 홈페이지,myactivity.google.com,0,82587,1785.1028571428571,7.0,81,46,25,16,19,12,16,17,43,51,60,86,82,77,87,81,66,76,72,127,116,143,208,143
34,2021-01-17,1596,16,28,1,50,5.056390977443609,4.0,m.search.naver.com,cafe.naver.com,포도호텔 모바일 홈페이지,디아넥스 모바일 포토뷰,포도호텔 모바일 홈페이지,디아넥스 모바일 핀크스 회사 연혁소개,0,84234,1670.8546365914788,22.0,82,44,27,21,16,23,13,24,37,47,62,82,84,78,56,95,70,100,101,103,106,114,103,108
35,2021-01-18,1919,20,30,1,58,4.656070870244919,3.0,m.search.naver.com,포도호텔 모바일 웨딩,포도호텔 모바일 홈페이지,pcc.siren24.com,포도호텔 모바일 홈페이지,www.fnnews.com,0,83609,1436.3783220427306,13.0,83,47,31,17,12,6,61,96,119,147,112,103,100,91,107,90,121,75,65,71,70,102,106,87
36,2021-01-19,1632,18,31,1,54,5.049019607843137,4.0,m.search.naver.com,비오토피아 웹 핀크스 윤리경영 안내,포도호텔 모바일 홈페이지,디아넥스 웹 리조트 찾아오시는 길,포도호텔 웹 홈페이지,디아넥스 웹 사이트맵,0,78598,1474.3339460784314,23.0,70,42,29,15,11,9,15,23,62,73,89,71,86,74,105,88,114,88,73,69,102,84,125,115
37,2021-01-20,2047,28,41,1,48,4.498290180752321,3.0,m.search.naver.com,인재채용 채용 FAQ,포도호텔 모바일 홈페이지,인재채용 채용 FAQ,포도호텔 모바일 홈페이지,포도호텔 웹 행사 관련 문의내용 작성,0,85326,1598.8695652173913,11.0,109,43,30,13,13,32,34,69,113,131,134,136,109,139,107,128,122,94,53,64,78,101,109,86
38,2021-01-21,1856,16,36,1,62,4.676724137931035,3.0,m.search.naver.com,영문 페이지 디아넥스 웹 온천 소개,포도호텔 모바일 홈페이지,영문 페이지 디아넥스 웹 온천 소개,포도호텔 웹 홈페이지,www.mcar.co.kr,0,83238,1488.7419181034484,15.0,93,39,43,12,17,11,11,21,40,74,83,68,71,86,98,99,115,85,92,134,142,148,150,124
39,2021-01-22,1929,13,22,1,58,4.407983411093831,3.0,m.search.naver.com,디아넥스 웹 온천 소개,포도호텔 모바일 홈페이지,포도호텔 모바일 제주도 제휴사 혜택 안내,포도호텔 모바일 홈페이지,포도호텔 웹 핀크스 이용약관 안내,0,81635,1522.2068429237947,11.0,86,48,39,24,15,24,10,41,40,68,92,80,76,104,110,104,116,94,123,135,161,99,114,126
40,2021-01-23,1569,20,34,1,45,5.059273422562142,4.0,m.search.naver.com,골프클럽 접속 모바일 홈페이지,포도호텔 모바일 홈페이지,포도호텔 모바일 제주도 축제/행사 리스트,포도호텔 모바일 홈페이지,www.soolide.com,0,84864,1288.0350541746336,22.0,91,72,35,21,16,14,15,25,45,53,65,71,55,61,79,70,102,93,85,122,103,87,101,88
41,2021-01-24,2035,32,44,1,43,4.938083538083538,4.0,m.search.naver.com,www.kapwing.com,포도호텔 모바일 홈페이지,www.kapwing.com,포도호텔 모바일 홈페이지,www.kapwing.com,0,78581,1593.6550368550368,24.0,97,59,32,22,12,15,25,27,42,73,101,97,97,78,91,97,100,91,127,158,216,158,112,108
42,2021-01-25,1975,15,29,1,43,5.036455696202531,4.0,m.search.naver.com,jejunolda.com,포도호텔 모바일 홈페이지,골프클럽 접속 모바일 골프코스 WEST COURSE 소개,포도호텔 웹 홈페이지,jejunolda.com,0,81684,1330.5918987341772,21.0,84,52,27,16,18,17,17,30,43,75,101,111,103,151,101,108,135,80,88,113,121,147,138,99
43,2021-01-26,2136,25,36,1,62,4.952247191011236,4.0,m.search.naver.com,post.naver.com,포도호텔 모바일 홈페이지,멤버 멤버십 로그인,포도호텔 모바일 홈페이지,post.naver.com,0,80563,1246.6793071161048,21.0,102,57,36,19,14,6,23,30,56,75,86,118,229,212,115,122,129,114,71,89,99,113,114,107
44,2021-01-27,2067,16,37,1,38,4.655539429124334,3.0,m.search.naver.com,www.google.co.th,포도호텔 모바일 홈페이지,영문 페이지 포도호텔 모바일 디럭스 양실 소개,포도호텔 모바일 홈페이지,골프클럽 접속 모바일 그린사이드 BBQ 안내,0,81648,1550.504596032898,17.0,90,63,28,27,22,11,22,40,67,68,90,119,79,109,97,112,116,122,130,133,124,132,176,90
45,2021-01-28,1647,16,28,1,68,5.347298117789921,4.0,m.search.naver.com,포도호텔 모바일 멤버십 로그인,포도호텔 모바일 홈페이지,골프클럽 접속 웹 프로샵 소개,포도호텔 웹 홈페이지,포도호텔 웹,0,83011,1676.2653309046752,26.0,86,56,18,13,11,17,11,36,63,75,92,93,92,89,88,117,100,93,76,76,80,88,100,77
46,2021-01-29,1929,20,34,1,59,4.632970451010887,3.0,m.search.naver.com,www.google.com.hk,포도호텔 모바일 홈페이지,www.google.com.hk,포도호텔 모바일 홈페이지,www.google.com.hk,0,85681,1586.2306894764126,14.0,90,61,38,23,22,19,25,33,54,70,77,84,108,100,114,120,111,100,112,145,142,90,101,90
47,2021-01-30,1536,12,39,1,56,4.944010416666667,4.0,m.search.naver.com,m.anewsa.com,포도호텔 모바일 홈페이지,포도호텔 웹 갤러리 소이 전시품 안내,포도호텔 모바일 홈페이지,포도호텔 웹 갤러리 소이 전시품 안내,0,77719,1631.1770833333333,20.0,105,44,31,23,29,9,15,33,37,46,66,95,56,78,79,70,86,79,68,76,105,88,112,106
48,2021-01-31,2153,43,48,1,73,5.068276823037622,4.0,m.search.naver.com,포도호텔 웹 세부 컨텐츠,포도호텔 모바일 홈페이지,골프클럽 접속 모바일 요금안내 악천후시,포도호텔 모바일 홈페이지,골프클럽 접속 모바일 락카&사우나 소개,0,81529,2049.8792382721786,21.0,101,85,69,29,16,17,29,37,61,63,97,97,90,91,118,123,105,132,120,176,152,117,104,124
49,2021-02-01,2508,54,133,1,69,6.699362041467305,5.0,m.search.naver.com,비오토피아 모바일 레스토랑 메뉴 안내,포도호텔 모바일 홈페이지,디아넥스 웹 골프탕탕 소개,인재채용 인재채용 관련 요소,디아넥스 모바일 리조트 찾아오시는 길,0,85884,2346.0944976076553,40.0,141,57,37,21,11,18,23,45,106,160,131,137,108,114,123,160,144,144,113,122,113,149,198,133
50,2021-02-02,3474,34,73,1,117,5.537708693149107,3.0,m.search.naver.com,포도호텔 웹 리조트 내 이동 가이드,m.cafe.naver.com,포도호텔 웹 뉴스룸,인재채용 인재채용 관련 요소,디아넥스 모바일 P-스토어 안내,0,80573,1458.86701208981,5.5,120,59,33,15,21,25,71,119,169,147,190,377,266,196,160,168,173,153,140,138,200,212,196,126
51,2021-02-03,2962,23,73,1,71,6.439905469277515,4.0,m.search.naver.com,디아넥스 모바일 객실 패밀리 스위트 소개,포도호텔 모바일 홈페이지,www.pinxgc.co.kr,인재채용 인재채용 관련 요소,디아넥스 모바일 공지사항,0,85795,2080.2626603646186,25.0,175,86,46,32,8,13,21,37,72,133,159,170,137,156,151,165,157,195,163,174,154,195,206,157
52,2021-02-04,2964,24,62,1,68,6.292172739541161,4.0,m.search.naver.com,포도호텔 모바일 내 예약정보,포도호텔 모바일 홈페이지,비오토피아 모바일 박물관 소개,인재채용 인재채용 관련 요소,디아넥스 모바일 멤버십 아이디 찾기 결과,0,85993,2159.9186909581645,27.0,132,89,66,22,25,36,26,64,78,123,161,159,156,153,169,185,186,135,157,160,184,207,172,119
53,2021-02-05,2280,14,52,1,70,6.378947368421053,4.0,m.search.naver.com,디아넥스 웹 온천 소개,포도호텔 모바일 홈페이지,골프클럽 접속 모바일 핀크스 윤리경영 안내,인재채용 인재채용 관련 요소,tracker.adbinead.com,0,81687,1973.1118421052631,26.0,117,71,30,38,19,19,30,44,59,91,135,133,115,101,118,127,133,106,82,103,133,150,183,143
54,2021-02-06,2123,20,47,1,84,5.560527555346209,4.0,m.search.naver.com,www2.webtour.com,포도호텔 모바일 홈페이지,포도호텔 웹 리조트 찾아오시는 길,인재채용 인재채용 관련 요소,www2.webtour.com,0,81857,1823.5501648610457,19.0,111,79,40,44,27,29,33,31,58,81,91,92,106,106,76,100,118,109,100,132,165,190,108,97
55,2021-02-07,2046,25,60,1,80,6.1974584555229715,4.0,m.search.naver.com,디아넥스 모바일 온천 소개,포도호텔 모바일 홈페이지,핀크스 이용약관 안내,인재채용 인재채용 관련 요소,골프클럽 접속 웹 리조트 내 이동 가이드,0,83905,1775.8660801564026,26.5,108,84,39,25,15,16,14,29,48,67,102,90,87,99,87,103,90,113,104,91,117,169,174,175
56,2021-02-08,2562,23,56,1,74,6.4063231850117095,4.0,m.search.naver.com,포도호텔 모바일 로얄 스위트 양실 소개,포도호텔 모바일 홈페이지,포도호텔 모바일 멤버 철회,인재채용 인재채용 관련 요소,포도호텔 모바일 웨딩 관련 개인정보 관련 동의서,0,84373,1699.532786885246,25.0,134,56,38,33,13,17,22,36,95,109,120,111,111,132,168,148,148,125,113,125,151,191,196,170
57,2021-02-09,2587,20,48,1,77,6.308465403942791,4.0,m.search.naver.com,www.clien.net,포도호텔 모바일 홈페이지,비오토피아 웹 베이커리 소개,인재채용 인재채용 관련 요소,www.clien.net,0,81932,2401.660610746038,24.0,127,75,33,27,23,12,27,44,73,139,145,138,126,147,140,131,166,144,140,112,139,170,171,138
58,2021-02-10,2228,21,47,1,70,6.259425493716337,4.0,m.search.naver.com,디아넥스 모바일 객실예약 완료,포도호텔 모바일 홈페이지,디아넥스 모바일 객실예약 완료,인재채용 인재채용 관련 요소,디아넥스 모바일 객실예약 완료,0,80744,2198.466786355476,25.0,108,61,45,18,18,24,18,36,74,84,104,120,104,123,127,114,113,138,104,95,131,148,164,157
59,2021-02-11,2267,14,56,1,75,5.8531098367887076,3.0,m.search.naver.com,골프클럽 접속 모바일 골프코스 EAST COURSE 소개,포도호텔 모바일 홈페이지,디아넥스 모바일 멤버십 가입 시작점,인재채용 인재채용 관련 요소,골프클럽 접속 모바일 골프코스 WEST COURSE 소개,0,84189,2413.333480370534,20.0,130,59,44,26,13,14,29,35,51,62,81,93,89,99,104,120,101,139,138,161,144,161,213,161
60,2021-02-12,1978,12,55,1,68,6.514155712841254,4.0,m.search.naver.com,mail.google.com,포도호텔 모바일 홈페이지,포도호텔 웹 온천 소개,인재채용 인재채용 관련 요소,mail.google.com,0,85641,2175.3907987866532,24.0,118,72,35,31,18,27,25,25,41,55,111,93,77,84,105,99,122,113,107,87,128,127,147,131
61,2021-02-13,2641,25,72,1,80,6.629685725104127,4.0,m.search.naver.com,디아넥스 웹 뉴스룸(기본 틀),포도호텔 모바일 홈페이지,포도호텔 웹 멤버십 가입 시작점,인재채용 인재채용 관련 요소,디아넥스 웹 예약 확인,0,86151,2040.1995456266566,23.0,145,97,54,27,15,22,32,28,50,60,86,142,247,232,232,118,131,128,116,113,165,127,136,138
62,2021-02-14,2834,43,94,1,81,8.808045165843332,5.0,m.search.naver.com,m.bookmark.naver.com,포도호텔 모바일 홈페이지,포도호텔 모바일 갤러리 소이 소개,인재채용 인재채용 관련 요소,m.bookmark.naver.com,0,86050,3179.9146083274522,51.5,189,79,56,26,14,15,16,32,45,115,123,143,141,132,160,132,159,148,165,200,197,186,197,164
63,2021-02-15,3125,31,102,1,63,5.5264,4.0,m.search.naver.com,www.koreatravels.com,포도호텔 모바일 홈페이지,골프클럽 접속 모바일 토너먼트 소개,포도호텔 모바일 홈페이지,www.koreatravels.com,0,78803,1943.34016,30.0,159,99,66,43,25,41,30,52,78,100,147,147,146,183,172,185,178,169,101,180,213,237,217,157
64,2021-02-16,2858,37,97,1,55,5.768019594121763,4.0,m.search.naver.com,디아넥스 모바일 리조트 찾아오시는 길,포도호텔 모바일 홈페이지,디아넥스 모바일 리조트 찾아오시는 길,포도호텔 웹 홈페이지,디아넥스 모바일 예약 확인,0,84870,2358.7330300909725,30.0,158,86,55,32,28,23,32,41,77,142,131,178,178,151,176,144,177,152,114,134,163,209,167,110
65,2021-02-17,2623,30,76,1,74,5.36599313762867,4.0,m.search.naver.com,m.dcinside.com,포도호텔 모바일 홈페이지,포도호텔 웹 팝업차단 해제 여부 결과,포도호텔 모바일 홈페이지,m.dcinside.com,0,82101,2136.787266488753,23.0,131,90,46,103,72,62,50,34,120,114,127,131,122,144,144,127,161,116,123,106,110,143,125,122
66,2021-02-18,2217,17,52,1,46,5.401894451962111,4.0,m.search.naver.com,1.226.66.240:80,포도호텔 모바일 홈페이지,포도호텔 모바일 멤버십 로그인,m.search.naver.com,비오토피아 모바일 핀크스 윤리경영 안내,0,83895,1689.4727108705458,26.0,119,50,33,20,15,12,16,48,60,105,131,140,122,161,119,147,137,103,110,104,97,126,140,102
67,2021-02-19,2476,23,37,1,56,4.532714054927302,3.0,m.search.naver.com,골프클럽 접속 웹 요금안내 입장료,포도호텔 모바일 홈페이지,골프클럽 접속 모바일 락카&사우나 소개,포도호텔 모바일 홈페이지,영문 페이지 디아넥스 모바일 북카페 안내,0,82282,1759.4931340872374,14.0,92,60,35,24,28,31,42,77,134,154,148,143,137,151,167,130,131,97,92,121,98,137,121,126
68,2021-02-20,2317,18,52,1,38,4.605092792403971,3.0,m.search.naver.com,디아넥스 모바일 객실 패밀리 스위트 소개,포도호텔 모바일 홈페이지,디아넥스 모바일 객실 패밀리 스위트 소개,포도호텔 모바일 홈페이지,compass.adop.cc,0,84999,1794.3716012084592,12.0,111,72,44,22,37,50,17,39,58,99,114,105,96,102,120,94,137,142,117,137,161,189,118,136
69,2021-02-21,2403,28,82,1,47,5.210153974198918,4.0,m.search.naver.com,www.gdweb.co.kr,포도호텔 모바일 홈페이지,디아넥스 웹 멤버십 가입 양식,포도호텔 모바일 홈페이지,www.gdweb.co.kr,0,81569,1249.4569288389514,21.0,118,69,31,27,13,13,21,30,60,89,105,151,147,149,136,158,123,124,125,127,130,148,169,140
70,2021-02-22,3129,26,62,1,63,4.889101949504634,4.0,m.search.naver.com,포도호텔 모바일 객실예약 인원수,포도호텔 모바일 홈페이지,포도호텔 모바일 온천 소개 메인,포도호텔 모바일 홈페이지,m.naver.com,0,83730,1920.7353787152445,22.0,121,83,49,24,19,11,25,46,72,102,143,393,182,185,175,191,161,159,126,125,172,175,216,174
71,2021-02-23,2734,23,62,1,43,4.717995610826628,4.0,m.search.naver.com,디아넥스 모바일 객실 스위트 B 소개,포도호텔 모바일 홈페이지,골프클럽 접속 모바일 마케팅 관련 개인정보 관련 동의서,포도호텔 모바일 홈페이지,디아넥스 모바일 테니스장 강습 안내,0,85420,1692.502560351134,19.0,135,63,34,25,17,10,22,40,99,98,121,120,134,156,142,143,150,139,126,147,167,213,245,188
72,2021-02-24,3061,29,66,1,70,5.468147664162038,4.0,m.search.naver.com,m.newswire.co.kr,포도호텔 모바일 홈페이지,www.luceville.com,m.search.naver.com,m.newswire.co.kr,0,84291,3614.7775236850703,32.0,141,102,40,36,17,19,25,51,85,168,195,162,150,173,154,166,194,194,134,155,169,168,205,158
73,2021-02-25,2620,19,54,1,38,4.977480916030534,4.0,m.search.naver.com,포도호텔 웹 제주도 제휴사 혜택 안내,포도호텔 모바일 홈페이지,비오토피아 모바일 박물관 소개,포도호텔 모바일 홈페이지,비오토피아 모바일 박물관 소개,0,83476,2210.5152671755727,20.0,151,68,38,24,16,17,38,42,90,126,160,126,112,144,118,134,151,139,107,95,179,170,174,201
74,2021-02-26,2654,19,49,1,66,4.678221552373776,3.0,m.search.naver.com,포도호텔 모바일 디럭스 양실 소개,포도호텔 모바일 홈페이지,비오토피아 웹 공지사항,포도호텔 모바일 홈페이지,m.enclean.com,0,83636,1750.4721175584025,15.0,146,67,45,30,13,19,26,53,76,97,139,165,150,143,117,133,159,148,141,155,162,163,189,118
75,2021-02-27,2199,22,39,1,68,4.488403819918145,3.0,m.search.naver.com,lesignhotel.com,포도호텔 모바일 홈페이지,lesignhotel.com,포도호텔 모바일 홈페이지,골프클럽 접속 모바일 호텔 소개,0,83110,1656.6898590268304,13.0,124,54,48,22,28,18,20,34,63,85,94,120,86,92,101,105,94,113,98,96,158,181,185,180
76,2021-02-28,2068,29,74,1,57,5.3936170212765955,4.0,m.search.naver.com,www.op.gg,포도호텔 모바일 홈페이지,디아넥스 모바일 객실 스위트 B 소개,포도호텔 모바일 홈페이지,www.op.gg,0,83699,1365.7224371373306,23.0,117,76,49,25,13,14,16,36,45,70,78,95,77,115,107,132,126,105,122,108,130,108,149,155
77,2021-03-01,3162,93,240,1,74,5.950031625553447,4.0,m.search.naver.com,디아넥스 웹 객실예약 마감 여부 체크,포도호텔 모바일 홈페이지,포도호텔 웹 로그아웃,포도호텔 모바일 홈페이지,골프클럽 접속 웹 뉴스룸,0,79078,1863.6024667931688,23.0,128,68,35,44,30,32,62,91,135,155,124,127,131,165,180,172,173,185,153,261,191,164,194,162
78,2021-03-02,2804,33,93,1,45,4.933309557774607,4.0,m.search.naver.com,keepwalkin.tistory.com,포도호텔 모바일 홈페이지,디아넥스 웹 스포츠 홀 소개,포도호텔 모바일 홈페이지,keepwalkin.tistory.com,0,77258,1472.0752496433665,18.0,149,63,37,38,19,18,19,45,84,95,119,140,134,150,142,123,150,145,107,154,206,213,232,222
79,2021-03-03,2630,36,90,1,73,5.239923954372624,4.0,m.search.naver.com,인재채용 채용공고(기본 틀),포도호텔 모바일 홈페이지,골프클럽 접속 웹 스타트 하우스 안내,포도호텔 모바일 홈페이지,골프클럽 접속 모바일 마케팅 관련 개인정보 관련 동의서,0,85917,1443.809885931559,20.0,137,70,45,31,22,20,19,42,79,99,112,130,111,131,138,147,157,127,163,134,154,187,202,173
80,2021-03-04,2500,32,96,1,53,5.0644,4.0,m.search.naver.com,www.goody25.com,포도호텔 모바일 홈페이지,www.goody25.com,포도호텔 모바일 홈페이지,www.goody25.com,0,84229,1413.9704,18.0,135,57,39,16,16,18,23,50,68,119,128,141,97,125,120,129,134,158,147,125,173,164,164,154
81,2021-03-05,2342,28,65,1,78,4.918445772843723,3.0,m.search.naver.com,m.dcinside.com,포도호텔 모바일 홈페이지,포도호텔 모바일 멤버십 가입 시작점,포도호텔 모바일 홈페이지,m.dcinside.com,0,83926,1648.6229718189581,18.0,119,54,34,25,15,19,31,37,65,97,139,119,135,109,109,106,121,151,120,132,162,174,144,125
82,2021-03-06,2381,24,81,1,98,4.984040319193616,4.0,m.search.naver.com,m-clien-net.cdn.ampproject.org,포도호텔 모바일 홈페이지,포도호텔 웹 갤러리 소이 소개,포도호텔 모바일 홈페이지,m-clien-net.cdn.ampproject.org,0,83491,1757.0986980260395,20.0,98,51,33,27,15,11,22,42,68,98,141,136,85,140,128,134,160,147,96,188,150,130,117,164
83,2021-03-07,2745,36,106,1,48,5.239708561020036,4.0,m.search.naver.com,mg.adtkorea.com,포도호텔 모바일 홈페이지,디아넥스 모바일 객실예약 완료,포도호텔 모바일 홈페이지,mg.adtkorea.com,0,84617,1323.312204007286,27.0,141,63,50,33,18,13,17,36,40,70,87,105,122,123,133,144,146,196,207,181,250,230,191,149
84,2021-03-08,2744,35,98,1,56,5.603498542274052,4.0,m.search.naver.com,디아넥스 모바일 P-스토어 안내,포도호텔 모바일 홈페이지,디아넥스 웹 골프탕탕 소개,포도호텔 웹 홈페이지,포도호텔 멤버십 로그인,0,83935,1412.4322157434403,28.0,127,77,53,18,9,26,12,38,59,131,148,156,160,142,136,166,140,165,145,132,180,166,214,144
85,2021-03-09,2619,29,83,1,63,5.224131347842688,4.0,m.search.naver.com,포도호텔 모바일 제주도 제휴사 혜택 안내,포도호텔 모바일 홈페이지,포도호텔 모바일 리조트 찾아오시는 길,포도호텔 모바일 홈페이지,getabout.hanatour.com,0,85708,1465.3944253531884,18.0,103,53,26,30,17,13,219,103,77,111,122,115,128,161,150,133,144,116,91,119,109,172,151,156
86,2021-03-10,2419,38,75,1,90,5.8139727159983465,4.0,m.search.naver.com,dict.leo.org,포도호텔 모바일 홈페이지,디아넥스 모바일 객실 베이비룸 소개,포도호텔 웹 홈페이지,dict.leo.org,0,85284,1710.0963207937164,29.0,130,55,55,41,18,35,36,53,69,93,120,132,133,146,152,132,130,114,114,105,135,137,146,138
87,2021-03-11,2765,25,65,1,62,5.0810126582278485,4.0,m.search.naver.com,디아넥스 모바일 객실 슈퍼리어 더블 소개,포도호텔 모바일 홈페이지,www.google.co.th,포도호텔 모바일 홈페이지,www.google.co.th,0,83800,1358.8119349005424,17.0,135,60,41,10,13,12,64,124,185,203,134,119,123,134,165,148,137,139,116,119,140,152,152,140
88,2021-03-12,2145,21,63,1,67,5.473659673659673,4.0,m.search.naver.com,r.search.yahoo.com,포도호텔 모바일 홈페이지,일본 페이지 접속 포도호텔 웹 리조트 찾아오시는 길,포도호텔 웹 홈페이지,r.search.yahoo.com,0,68231,1335.1939393939394,25.0,99,41,39,17,18,17,40,47,53,110,128,146,98,120,135,120,170,112,77,91,105,132,128,102
89,2021-03-13,2290,22,71,1,88,5.038864628820961,4.0,m.search.naver.com,포도호텔 웹 포토뷰,포도호텔 모바일 홈페이지,www.google.com.au,포도호텔 모바일 홈페이지,디아넥스 웹 제주도 축제/행사 리스트,0,83719,1597.91615720524,16.5,88,52,30,21,22,48,120,143,63,86,98,112,99,101,92,120,103,129,122,151,113,133,128,116
90,2021-03-14,2747,16,71,1,51,4.892610120131052,4.0,m.search.naver.com,포도호텔 웹 예약 안내,포도호텔 모바일 홈페이지,디아넥스 웹 행사 관련 개인정보 관련 동의서,포도호텔 웹 홈페이지,디아넥스 웹 행사 관련 개인정보 관련 동의서,0,80811,1170.4135420458683,15.0,118,69,157,84,28,12,26,47,71,98,121,125,123,143,137,121,178,130,132,148,160,180,180,159
91,2021-03-15,2806,31,90,1,71,5.169992872416251,4.0,m.search.naver.com,tel.thepinx.com,포도호텔 모바일 홈페이지,디아넥스 모바일 수영장 소개,포도호텔 모바일 홈페이지,tel.thepinx.com,0,85584,1432.3374910905204,21.0,111,64,39,16,31,14,37,89,138,179,180,170,176,128,157,146,152,144,96,135,155,159,156,134
92,2021-03-16,2957,34,78,1,46,5.251606357795063,4.0,m.search.naver.com,포도호텔 웹 세부 컨텐츠,포도호텔 모바일 홈페이지,포도호텔 웹 세부 컨텐츠,포도호텔 모바일 홈페이지,포도호텔 웹 세부 컨텐츠,0,84868,1463.9830909705784,21.0,138,56,55,29,24,14,23,43,76,102,131,131,157,148,160,171,204,138,136,172,181,212,260,196
93,2021-03-17,2570,21,67,1,86,5.3284046692607,4.0,m.search.naver.com,디아넥스 모바일 포토뷰,포도호텔 모바일 홈페이지,포도호텔 모바일 온천 소개,포도호텔 웹 홈페이지,디아넥스 모바일 멤버십 가입,0,84793,1812.570038910506,24.0,130,69,32,23,20,18,22,34,64,142,141,128,125,130,148,150,174,150,144,120,165,183,139,119
94,2021-03-18,2613,28,58,1,137,5.046306926903942,4.0,m.search.naver.com,디아넥스 모바일 멤버십 가입 승인,포도호텔 모바일 홈페이지,포도호텔 모바일 멤버십 가입 양식,포도호텔 모바일 홈페이지,골프클럽 접속 모바일 대연회장 안내,0,82247,1804.0298507462687,23.0,119,47,30,25,11,22,11,38,78,109,127,130,135,137,161,179,155,157,136,138,162,183,182,141
95,2021-03-19,2222,18,48,1,61,5.099009900990099,3.0,m.search.naver.com,map.kakao.com,포도호텔 모바일 홈페이지,디아넥스 모바일 객실 슈퍼리어 트윈 소개,포도호텔 모바일 홈페이지,m.enclean.com,0,86341,1819.4635463546354,18.0,102,63,31,22,21,17,22,27,52,96,139,102,103,154,134,145,147,125,90,113,135,135,135,112
96,2021-03-20,2452,15,50,1,82,4.856035889070147,4.0,m.search.naver.com,m.slist.kr,포도호텔 모바일 홈페이지,골프클럽 접속 웹 호텔 소개,포도호텔 모바일 홈페이지,m.slist.kr,0,85782,2092.639885807504,18.0,127,64,29,30,17,13,28,54,62,61,75,107,130,139,147,174,155,138,171,160,186,172,114,99
97,2021-03-21,2472,38,99,1,83,5.776294498381877,4.0,m.search.naver.com,search.zum.com,포도호텔 모바일 홈페이지,디아넥스 모바일 북카페 안내,포도호텔 모바일 홈페이지,골프클럽 접속 웹 요금안내 악천후시,0,84964,1563.3531553398059,29.0,124,88,46,28,20,23,21,43,45,73,97,94,124,108,146,140,136,127,135,154,151,199,199,151
98,2021-03-22,2843,25,68,1,69,4.976785086176574,4.0,m.search.naver.com,인재채용 채용결과확인,포도호텔 모바일 홈페이지,골프클럽 접속 모바일 뉴스룸,포도호텔 모바일 홈페이지,골프클럽 접속 모바일 뉴스룸,0,81181,1517.1231093914878,18.0,108,54,37,26,16,18,37,43,80,116,162,142,145,152,143,150,165,161,157,181,214,216,181,139
99,2021-03-23,2658,24,67,1,55,5.2565838976674195,4.0,m.search.naver.com,m.clien.net,포도호텔 모바일 홈페이지,포도호텔 모바일 리조트 내 이동 가이드,포도호텔 웹 홈페이지,포도호텔 모바일 마케팅 관련 개인정보 관련 동의서,0,84650,1711.0530474040631,26.0,146,55,36,23,16,12,23,31,62,126,142,140,154,150,161,150,141,134,153,143,160,160,160,180
100,2021-03-24,2755,28,80,1,55,4.81016333938294,3.0,m.search.naver.com,happy.designhouse.co.kr,포도호텔 모바일 홈페이지,포도호텔 웹 세부 컨텐츠,포도호텔 모바일 홈페이지,포도호텔 웹 세부 컨텐츠,0,82490,1453.168784029038,18.0,140,59,31,39,13,15,22,54,88,114,153,157,122,126,188,119,150,185,115,151,197,183,198,136
101,2021-03-25,2500,23,65,1,54,4.994,4.0,m.search.naver.com,포도호텔 웹 공지사항,포도호텔 모바일 홈페이지,디아넥스 모바일 스포츠 홀 소개,포도호텔 모바일 홈페이지,영문 페이지 포도호텔 웹 룸 소개 메인,0,81656,1665.7368,20.0,134,66,37,18,19,28,18,39,87,116,154,126,112,159,149,133,124,113,131,119,142,154,173,149
102,2021-03-26,2537,21,60,1,51,4.713046905794245,4.0,m.search.naver.com,mg.adtkorea.com,포도호텔 모바일 홈페이지,포도호텔 모바일 온천 소개 메인,포도호텔 모바일 홈페이지,포도호텔 모바일 나의 정보(패스워드),0,83742,1806.718565234529,16.0,126,43,30,24,16,19,37,52,78,163,135,146,120,131,123,129,132,133,103,132,169,188,199,109
103,2021-03-27,2383,15,51,1,61,4.7759127150650444,4.0,m.search.naver.com,mg.adtkorea.com,포도호텔 모바일 홈페이지,디아넥스 웹 마이페이지 멤버십,포도호텔 모바일 홈페이지,mg.adtkorea.com,0,82547,2084.520352496853,20.0,114,69,52,45,22,22,15,43,59,81,81,93,109,131,132,162,156,163,125,124,166,147,133,139
104,2021-03-28,2720,19,85,1,45,5.082720588235294,4.0,m.search.naver.com,포도호텔 모바일 디럭스 양실 소개,포도호텔 모바일 홈페이지,디아넥스 모바일 멤버십 비밀번호 찾기 결과,포도호텔 모바일 홈페이지,디아넥스 모바일 멤버십 비밀번호 찾기 결과,0,85899,1378.6003676470589,22.0,117,81,46,37,22,17,13,36,57,80,90,87,119,141,127,147,154,165,161,150,186,221,258,208
105,2021-03-29,2777,27,77,1,58,5.460568959308606,4.0,m.search.naver.com,brunch.co.kr,포도호텔 모바일 홈페이지,디아넥스 모바일 공지사항,포도호텔 웹 홈페이지,비오토피아 모바일 베이커리 메뉴 소개,0,84246,1789.1238746849117,28.0,185,68,46,30,27,14,46,54,99,92,162,147,156,140,144,178,141,127,112,120,159,187,191,152
106,2021-03-30,2861,30,52,1,65,4.973086333449842,4.0,m.search.naver.com,images.search.yahoo.com,포도호텔 모바일 홈페이지,images.search.yahoo.com,포도호텔 모바일 홈페이지,images.search.yahoo.com,0,84504,2062.6868227892346,19.0,136,58,39,25,17,25,34,64,84,139,148,171,139,153,151,148,148,142,126,137,161,185,252,179
107,2021-03-31,2246,26,35,1,45,5.174087266251113,4.0,m.search.naver.com,namu.wiki,포도호텔 모바일 홈페이지,www.walkerhill.com,포도호텔 웹 홈페이지,namu.wiki,0,83628,1637.9946571682992,22.0,156,78,41,34,31,16,27,61,79,86,115,119,106,101,110,147,129,137,98,95,110,119,144,107
108,2021-04-01,2802,79,194,1,55,5.729835831548893,4.0,m.search.naver.com,디아넥스 모바일 객실예약 완료,포도호텔 모바일 홈페이지,디아넥스 웹 멤버십 안내,포도호텔 웹 홈페이지,골프클럽 접속 모바일 포토뷰,0,85482,1680.1081370449679,29.0,98,57,24,28,21,11,30,62,146,160,167,170,316,167,149,135,175,158,114,113,112,143,127,119
109,2021-04-02,2232,21,91,1,34,5.226702508960574,4.0,m.search.naver.com,eer1.fabulouslink.xyz,포도호텔 모바일 홈페이지,골프클럽 접속 모바일 골프코스 WEST COURSE 소개,포도호텔 웹 홈페이지,골프클럽 접속 모바일 골프코스 WEST COURSE 소개,0,81633,1415.6648745519713,26.0,137,70,37,24,19,19,37,43,89,109,130,99,117,119,130,112,131,135,111,96,125,120,125,98
110,2021-04-03,2574,25,96,1,48,4.927350427350428,4.0,m.search.naver.com,getabout.hanatour.com,포도호텔 모바일 홈페이지,디아넥스 웹 객실 스위트 A 안내,포도호텔 모바일 홈페이지,디아넥스 모바일 마케팅 관련 개인정보 관련 동의서,0,85210,1287.9879564879566,17.0,101,74,38,32,23,42,74,103,151,143,126,145,108,117,117,139,116,113,128,124,122,161,159,118
111,2021-04-04,2493,41,132,1,56,5.776574408343361,5.0,m.search.naver.com,인재채용 인재채용 작성내용 DB 저장 관련 요소,디아넥스 모바일 홈페이지,인재채용 채용안내,포도호텔 웹 홈페이지,인재채용 인재채용 작성내용 DB 저장 관련 요소,0,84050,1699.2695547533092,32.0,140,81,45,36,18,25,33,38,53,80,105,125,102,115,120,129,132,152,146,164,150,163,183,158
112,2021-04-05,2843,24,104,1,72,5.224762574744988,4.0,m.search.naver.com,디아넥스 웹 객실 패밀리 스위트 안내,포도호텔 모바일 홈페이지,포도호텔 모바일 포토뷰,포도호텔 모바일 홈페이지,비오토피아 모바일 핀크스 회사 소개,0,79785,1040.885332395357,22.0,123,68,49,29,20,120,126,109,80,114,139,142,154,129,153,154,145,131,110,105,158,155,183,147
113,2021-04-06,2575,36,77,1,54,5.301359223300971,4.0,m.search.naver.com,포도호텔 모바일 갤러리 소이 소개,포도호텔 모바일 홈페이지,m.place.naver.com,포도호텔 웹 홈페이지,비오토피아 웹 핀크스 이용약관 안내,0,85803,1592.215145631068,26.0,145,68,41,32,12,14,29,48,67,113,133,126,126,144,147,150,172,121,123,183,127,151,145,158
114,2021-04-07,2724,24,74,1,55,4.7676211453744495,4.0,m.search.naver.com,디아넥스 모바일 수영장 소개,포도호텔 모바일 홈페이지,영문 페이지 포도호텔 웹 로얄 스위트 한실 소개,포도호텔 모바일 홈페이지,영문 페이지 포도호텔 웹 로얄 스위트 한실 소개,0,85799,1603.4717327459618,16.0,107,59,44,26,28,43,65,118,158,219,185,140,129,153,160,141,130,133,105,100,109,131,128,113
115,2021-04-08,2221,22,63,1,45,5.160288158487168,4.0,m.search.naver.com,포도호텔 모바일 웨딩,포도호텔 모바일 홈페이지,골프클럽 접속 모바일 골프연습장 소개,포도호텔 웹 홈페이지,디아넥스 웹 북카페 안내,0,85262,1469.6731202161188,24.0,109,48,39,38,14,34,23,48,72,88,123,118,140,127,120,159,145,133,88,81,95,134,135,110
116,2021-04-09,2487,24,69,1,41,4.561318858061922,3.0,m.search.naver.com,www.op.gg,포도호텔 모바일 홈페이지,인재채용 인재DB등록,포도호텔 모바일 홈페이지,www.op.gg,0,84043,1407.065138721351,15.0,88,50,26,21,61,59,111,157,119,117,118,124,120,129,120,162,118,114,121,87,116,138,110,101
117,2021-04-10,1876,16,72,1,32,5.25319829424307,4.0,m.search.naver.com,designforbyofkorea-com.cdn.ampproject.org,포도호텔 모바일 홈페이지,디아넥스 웹 호텔 소개,포도호텔 모바일 홈페이지,비오토피아 모바일 핀크스 윤리경영 안내,0,79479,1347.9898720682302,22.0,95,55,26,26,18,17,36,55,65,62,92,83,80,97,103,108,114,124,80,85,92,111,143,109
118,2021-04-11,2552,21,94,1,48,5.0513322884012535,4.0,m.search.naver.com,디아넥스 모바일 온천 소개 메인,포도호텔 모바일 홈페이지,디아넥스 모바일 P-레저 예약신청,포도호텔 모바일 홈페이지,포도호텔 웹 세부 컨텐츠,0,82464,1251.3648119122256,20.0,96,48,44,28,39,47,53,126,150,150,96,98,107,97,135,144,141,125,126,124,136,149,147,146
119,2021-04-12,2941,27,81,1,67,5.456307378442706,4.0,m.search.naver.com,khnp.cjcondo.co.kr,포도호텔 모바일 홈페이지,디아넥스 모바일 중정 안내,포도호텔 웹 홈페이지,khnp.cjcondo.co.kr,0,84826,1410.8384903094186,25.0,106,68,41,24,10,10,47,48,85,104,172,147,163,189,144,179,197,197,168,126,180,211,161,164
120,2021-04-13,2981,35,95,1,50,5.019121100301912,4.0,m.search.naver.com,www.google.co.uk,포도호텔 모바일 홈페이지,디아넥스 웹 객실 슈페리어 트윈 안내,포도호텔 모바일 홈페이지,비오토피아 모바일 공지사항,0,84598,1939.3321033210332,20.0,123,69,34,29,25,48,67,116,152,156,177,202,162,179,166,161,162,140,104,113,128,161,152,155
121,2021-04-14,2704,30,79,1,51,5.0051775147929,4.0,m.search.naver.com,yahoo.co.jp,포도호텔 모바일 홈페이지,yahoo.co.jp,포도호텔 모바일 홈페이지,yahoo.co.jp,0,85881,2118.902366863905,20.0,125,82,38,27,16,13,29,62,74,131,163,147,120,154,157,169,190,146,123,148,125,157,157,151
122,2021-04-15,2449,28,77,1,63,4.967741935483871,4.0,m.search.naver.com,포도호텔 웹 호텔 소개,포도호텔 모바일 홈페이지,포도호텔 모바일 핀크스 개인정보 처리방침 안내,포도호텔 웹 홈페이지,www.op.gg,0,83834,1911.7264189465088,23.0,105,60,43,12,22,25,37,43,90,93,156,151,140,141,125,151,155,130,118,124,135,133,139,121
123,2021-04-16,2400,25,59,1,57,4.783333333333333,4.0,m.search.naver.com,포도호텔 웹,포도호텔 모바일 홈페이지,디아넥스 웹 예약 확인,포도호텔 모바일 홈페이지,영문 페이지 디아넥스 웹 객실 스위트 B 안내,0,84488,1922.6604166666666,16.0,78,50,29,20,37,28,21,41,55,98,122,125,110,130,127,131,173,162,125,112,152,161,168,145
124,2021-04-17,2475,17,78,1,65,4.953131313131313,4.0,m.search.naver.com,골프탕탕 관련 요소 웹 홈페이지,포도호텔 모바일 홈페이지,디아넥스 모바일 골프탕탕 소개,포도호텔 모바일 홈페이지,골프탕탕 관련 요소 웹 홈페이지,0,83466,2058.36404040404,20.0,132,85,38,41,20,27,34,54,66,84,91,109,108,105,99,116,123,148,152,145,172,162,177,187
125,2021-04-18,2529,33,100,1,61,5.442467378410439,4.0,m.search.naver.com,m.ppomppu.co.kr,포도호텔 모바일 홈페이지,포도호텔 웹 핀크스 이메일 무단 수집 거부,포도호텔 모바일 홈페이지,포도호텔 웹 핀크스 이메일 무단 수집 거부,0,84551,1880.292210359826,25.0,166,76,45,34,16,24,22,64,70,69,102,112,97,108,120,126,141,166,138,147,167,182,185,152
126,2021-04-19,2697,27,95,1,53,5.723025583982203,4.0,m.search.naver.com,band.us,포도호텔 모바일 홈페이지,디아넥스 모바일 중정 안내,포도호텔 웹 홈페이지,인재채용 채용공고 비밀번호 찾기 입력 이전,0,84437,1799.3096032628846,29.0,120,55,30,28,19,16,28,54,69,111,139,146,144,176,184,150,166,148,133,120,155,183,183,140
127,2021-04-20,2773,28,95,1,47,5.298954201226109,4.0,m.search.naver.com,비오토피아 모바일 홈페이지,포도호텔 모바일 홈페이지,포도호텔 모바일 리조트 내 이동 가이드,포도호텔 웹 홈페이지,포도호텔 모바일 리조트 내 이동 가이드,0,85609,1903.340425531915,25.0,109,62,36,14,22,19,47,54,113,123,150,147,156,152,156,159,173,160,119,144,163,159,183,153
128,2021-04-21,2758,18,63,1,71,4.894851341551849,3.0,m.search.naver.com,포도호텔 웹 객실예약 완료,포도호텔 모바일 홈페이지,포도호텔 웹 객실예약 완료,포도호텔 모바일 홈페이지,포도호텔 웹 객실예약 완료,0,85207,1756.243654822335,15.0,109,69,53,23,32,21,36,48,86,125,145,149,157,139,143,137,171,139,177,128,166,179,178,148
129,2021-04-22,2551,24,47,1,72,4.843982751862015,4.0,m.search.naver.com,www.google.com.tw,포도호텔 모바일 홈페이지,www.google.com.tw,포도호텔 모바일 홈페이지,www.google.com.tw,0,80916,1786.2391219129754,19.0,124,55,36,21,21,25,31,44,63,112,149,134,140,138,142,155,136,143,108,142,151,193,159,129
130,2021-04-23,2282,20,62,1,36,4.727432077125329,4.0,m.search.naver.com,영문 페이지 골프클럽 접속 모바일 요금안내 입장료,포도호텔 모바일 홈페이지,영문 페이지 골프클럽 접속 모바일 골프코스 소개,포도호텔 모바일 홈페이지,골프클럽 접속 모바일 어워즈 소개,0,84190,1703.9070990359335,17.0,118,52,31,26,22,28,32,49,68,102,113,111,112,115,122,131,147,108,100,103,151,150,160,131
131,2021-04-24,2261,22,64,1,36,4.455108359133127,3.0,m.search.naver.com,m.youtube.com,포도호텔 모바일 홈페이지,디아넥스 웹 객실 패밀리 스위트 안내,포도호텔 모바일 홈페이지,m.youtube.com,0,77871,1718.4113224237062,13.0,127,59,43,24,16,24,28,58,51,91,102,100,79,100,108,108,120,124,131,139,192,166,154,117
132,2021-04-25,2577,19,75,1,42,4.682576639503298,4.0,m.search.naver.com,포도호텔 웹 레스토랑 안내,포도호텔 모바일 홈페이지,포도호텔 모바일 호텔 기념품 리스트,포도호텔 모바일 홈페이지,brunch.co.kr,0,82253,1603.349631354288,18.0,119,71,52,39,18,16,31,49,123,97,85,105,115,102,97,115,127,192,153,176,158,188,175,174
133,2021-04-26,2743,40,71,1,94,5.070725483047758,4.0,m.search.naver.com,www.bluer.co.kr,포도호텔 모바일 홈페이지,디아넥스 모바일 테니스장 이용안내,포도호텔 모바일 홈페이지,포도호텔 모바일 마케팅 관련 개인정보 관련 동의서,0,79342,1357.914691943128,21.0,122,67,38,40,23,15,45,49,78,103,145,147,136,135,146,125,150,143,155,158,169,188,187,179
134,2021-04-27,2852,21,71,1,52,4.993688639551192,4.0,m.search.naver.com,골프클럽 접속 웹 리조트 찾아오시는 길,포도호텔 모바일 홈페이지,포도호텔 모바일 P-레저 예약신청,포도호텔 모바일 홈페이지,디아넥스 모바일 핀크스 윤리경영 안내,0,80798,1767.9814165497896,22.0,125,75,36,13,22,19,27,68,85,105,148,150,151,148,165,158,166,165,132,156,204,211,193,130
135,2021-04-28,2874,18,56,1,56,5.1287404314544185,4.0,m.search.naver.com,yandex.ru,포도호텔 모바일 홈페이지,디아넥스 웹 고객리뷰,포도호텔 웹 홈페이지,디아넥스 웹 고객리뷰,0,85759,1667.3340292275575,24.0,122,68,53,16,20,35,38,57,88,166,136,153,154,176,163,182,169,174,143,139,151,158,188,125
136,2021-04-29,2712,21,51,1,59,5.412241887905605,4.0,m.search.naver.com,비오토피아 모바일 베이커리 메뉴 소개,포도호텔 모바일 홈페이지,비오토피아 모바일 베이커리 메뉴 소개,포도호텔 웹 홈페이지,비오토피아 모바일 베이커리 메뉴 소개,0,85998,1830.1128318584072,25.0,121,64,38,37,20,35,40,63,81,132,145,144,123,172,157,144,183,141,100,128,123,181,196,144
137,2021-04-30,2638,33,75,1,60,5.3081880212282035,4.0,m.search.naver.com,m.clien.net,포도호텔 모바일 홈페이지,비오토피아 웹 세부 컨텐츠,포도호텔 모바일 홈페이지,비오토피아 웹 세부 컨텐츠,0,85807,2104.589840788476,24.0,137,71,32,19,19,19,46,40,80,107,137,124,117,151,137,143,213,135,109,134,158,180,160,170
138,2021-05-01,3152,70,244,1,60,5.725253807106599,4.0,m.search.naver.com,www.google.com.au,포도호텔 모바일 홈페이지,디아넥스 모바일 멤버십 가입 시작점,포도호텔 모바일 홈페이지,골프클럽 접속 웹 소연회장 안내,0,85931,2351.4492385786803,28.0,133,56,40,27,28,37,33,60,177,217,200,183,135,124,153,160,170,137,193,154,214,209,156,156
139,2021-05-02,2657,32,124,1,59,5.4569062852841554,4.0,m.search.naver.com,m.saramin.co.kr,포도호텔 모바일 홈페이지,골프클럽 접속 모바일 P-레저 예약신청,포도호텔 모바일 홈페이지,m.saramin.co.kr,0,85639,1550.6078283778697,29.0,164,83,45,32,28,25,30,59,71,83,111,120,110,130,133,111,133,135,134,175,206,202,149,188
140,2021-05-03,2903,25,87,1,58,5.410265242852222,4.0,m.search.naver.com,fow.kr,포도호텔 모바일 홈페이지,포도호텔 모바일 리조트 찾아오시는 길,포도호텔 웹 홈페이지,fow.kr,0,85214,1948.8480881846365,24.0,179,80,46,15,24,27,50,52,99,121,143,150,148,161,150,174,161,163,158,143,151,160,189,159
141,2021-05-04,2860,21,92,1,73,5.351398601398602,4.0,m.search.naver.com,영문 페이지 골프클럽 접속 모바일 홈페이지,포도호텔 모바일 홈페이지,비오토피아 모바일 공지사항,포도호텔 모바일 홈페이지,비오토피아 모바일 리조트 내 이동 가이드,0,84057,1711.0681818181818,21.5,118,56,33,25,21,31,36,66,79,124,152,155,161,204,187,170,175,168,188,166,170,163,107,105
142,2021-05-05,2367,24,73,1,60,5.571187156738487,4.0,m.search.naver.com,디아넥스 모바일 객실 슈퍼리어 더블 소개,포도호텔 모바일 홈페이지,영문 페이지 골프클럽 접속 웹 골프코스 소개,포도호텔 모바일 홈페이지,영문 페이지 골프클럽 접속 웹 골프코스 소개,0,84989,1937.958174904943,22.0,152,63,50,18,19,17,28,34,73,79,94,91,106,89,132,126,118,124,140,148,154,194,160,158
143,2021-05-06,2650,24,69,1,56,5.05622641509434,4.0,m.search.naver.com,비오토피아 웹 박물관 소개,포도호텔 모바일 홈페이지,포도호텔 웹 세부 컨텐츠,포도호텔 모바일 홈페이지,포도호텔 모바일 핀크스 윤리경영 안내,0,85159,2152.7003773584906,19.0,126,53,39,29,20,27,42,48,96,111,147,128,138,159,138,158,148,150,136,121,177,158,162,139
144,2021-05-07,2424,19,71,1,57,4.927805280528053,4.0,m.search.naver.com,포도호텔 모바일 핀크스 윤리경영 안내,포도호텔 모바일 홈페이지,비오토피아 모바일 베이커리 소개,포도호텔 웹 홈페이지,www.saramin.co.kr,0,85633,1645.1006600660066,18.0,119,59,34,20,19,23,35,50,87,133,128,100,113,131,141,118,131,163,107,105,132,150,162,164
145,2021-05-08,2250,16,66,1,37,4.429777777777778,3.0,m.search.naver.com,인재채용 채용 FAQ,포도호텔 모바일 홈페이지,place.map.kakao.com,포도호텔 모바일 홈페이지,www.kr-weathernews.com,0,83865,1767.1386666666667,11.5,119,60,43,15,23,23,29,62,61,94,104,136,131,121,117,134,153,108,94,88,117,118,159,141
146,2021-05-09,2682,20,76,1,35,4.664056674123788,4.0,m.search.naver.com,포도호텔 모바일 레스토랑 메뉴 안내,포도호텔 모바일 홈페이지,골프클럽 접속 모바일 스타트 하우스 안내,포도호텔 모바일 홈페이지,골프클럽 접속 모바일 포토뷰,0,77940,1320.5421327367635,18.0,101,65,43,26,28,19,27,35,55,93,109,124,117,119,120,154,194,187,176,158,207,190,192,143
147,2021-05-10,2493,42,87,1,108,5.55956678700361,4.0,m.search.naver.com,포도호텔 모바일 건축 예술 가이드,포도호텔 모바일 홈페이지,포도호텔 웹 객실예약 결제,포도호텔 웹 홈페이지,포도호텔 모바일 마케팅 관련 개인정보 관련 동의서,0,85166,1557.6702767749698,27.0,122,58,45,22,12,29,31,48,83,103,155,133,140,148,131,161,152,130,105,109,129,148,158,141
148,2021-05-11,2881,21,69,1,58,4.760152724748351,4.0,m.search.naver.com,proshop.thepinx.co.kr,포도호텔 모바일 홈페이지,m.search.daum.net,포도호텔 모바일 홈페이지,proshop.thepinx.co.kr,0,78833,1313.2231863936133,18.0,105,53,25,29,17,21,111,197,143,118,196,163,155,149,149,153,154,148,106,130,124,137,151,147
149,2021-05-12,2241,21,64,1,52,5.041053101294065,4.0,m.search.naver.com,cafe.naver.com,포도호텔 모바일 홈페이지,디아넥스 모바일 중정 안내,포도호텔 웹 홈페이지,cafe.naver.com,0,84670,1374.9870593485052,20.0,123,72,53,17,30,23,38,55,79,98,111,117,107,121,142,125,145,108,95,102,124,98,142,116
150,2021-05-13,2457,28,71,1,75,5.054131054131054,4.0,m.search.naver.com,포도호텔 모바일 포토뷰,포도호텔 모바일 홈페이지,비오토피아 모바일 핀크스 회사 소개,포도호텔 모바일 홈페이지,비오토피아 모바일 핀크스 회사 소개,0,82494,1437.7741147741149,17.0,105,52,37,32,17,21,40,75,112,130,159,137,141,155,133,154,141,123,100,97,140,107,123,126
151,2021-05-14,2703,13,63,1,75,4.645578986311506,3.0,m.search.naver.com,l.facebook.com,포도호텔 모바일 홈페이지,비오토피아 웹 리조트 찾아오시는 길,포도호텔 모바일 홈페이지,l.facebook.com,0,83122,1644.361080281169,11.0,106,51,30,22,17,23,22,63,80,112,144,140,108,155,147,134,126,113,136,167,211,184,223,189
152,2021-05-15,2260,16,62,1,54,4.570353982300885,3.0,m.search.naver.com,포도호텔 모바일 로얄 스위트 양실 소개,포도호텔 모바일 홈페이지,비오토피아 모바일 P-레저 프로그램 소개,포도호텔 모바일 홈페이지,일본 페이지 접속 디아넥스 모바일 온천 소개 메인,0,83939,1514.6017699115043,10.5,101,63,41,26,23,20,45,30,64,95,94,95,91,96,97,135,112,112,91,129,127,172,195,206
153,2021-05-16,2636,24,88,1,70,4.911987860394537,4.0,m.search.naver.com,포도호텔 웹 멤버십 로그인,포도호텔 모바일 홈페이지,영문 페이지 포도호텔 웹 디럭스 한실 소개,포도호텔 모바일 홈페이지,영문 페이지 포도호텔 웹 디럭스 한실 소개,0,84885,1542.1293626707131,14.5,123,74,45,15,27,14,23,23,63,70,101,104,102,125,149,173,132,123,166,192,194,247,218,133
154,2021-05-17,2415,22,75,1,63,5.3039337474120085,4.0,m.search.naver.com,영문 페이지 골프클럽 접속 웹 골프코스 소개,포도호텔 모바일 홈페이지,포도호텔 모바일 리조트 내 이동 가이드,포도호텔 웹 홈페이지,영문 페이지 골프클럽 접속 웹 골프코스 소개,0,84670,1450.8120082815735,20.0,118,66,32,24,15,24,35,58,81,109,131,162,139,124,150,150,152,117,103,103,108,141,143,130
155,2021-05-18,2507,19,61,1,48,4.752692461108895,3.0,m.search.naver.com,포도호텔 모바일 디럭스 한실 소개,포도호텔 모바일 홈페이지,디아넥스 모바일 공지사항,포도호텔 모바일 홈페이지,디아넥스 모바일 공지사항,0,86075,1311.1822895891503,13.0,115,48,23,22,26,16,168,140,72,128,135,148,139,143,145,141,137,115,114,105,96,118,120,93
156,2021-05-19,2212,14,70,1,46,4.880198915009042,4.0,m.search.naver.com,www.google.com.my,포도호텔 모바일 홈페이지,디아넥스 웹 객실예약 객실 옵션 선택,포도호텔 모바일 홈페이지,www.google.com.my,0,81774,1552.9199819168173,17.0,217,106,41,28,22,22,61,48,49,71,103,82,108,85,106,105,116,136,101,106,129,138,127,105
157,2021-05-20,2392,22,57,1,57,5.0556020066889635,4.0,m.search.naver.com,골프클럽 접속 모바일 요금안내 렌탈,포도호텔 모바일 홈페이지,디아넥스 모바일 객실 패밀리룸 소개,포도호텔 웹 홈페이지,영문 페이지 포도호텔 웹 호텔 소개,0,85480,1420.2742474916388,17.0,94,64,31,25,26,22,36,48,69,89,118,107,135,131,135,213,138,148,113,107,143,141,145,114
158,2021-05-21,2317,22,52,1,83,4.652136383254208,3.0,m.search.naver.com,mangxia.com,포도호텔 모바일 홈페이지,www.xn--on3b17gbmf1gwuvonco3h.com,포도호텔 모바일 홈페이지,mangxia.com,0,81342,1313.627104013811,10.0,85,53,30,18,30,20,101,219,80,86,103,153,154,115,131,135,122,116,95,91,84,108,77,111
159,2021-05-22,1954,14,50,1,39,4.619754350051177,4.0,m.search.naver.com,place.map.kakao.com,포도호텔 모바일 홈페이지,디아넥스 웹 P-레저 프로그램 소개,포도호텔 모바일 홈페이지,비오토피아 웹 공지사항(기본 틀),0,82477,1602.8950870010235,13.0,123,60,41,34,15,21,30,60,84,73,73,114,58,99,106,93,109,107,83,103,145,133,107,83
160,2021-05-23,2567,19,79,1,66,4.623295675886249,3.0,m.search.naver.com,인재채용 채용결과확인,포도호텔 모바일 홈페이지,디아넥스 모바일 북카페 안내,포도호텔 모바일 홈페이지,골프클럽 접속 웹 공지사항,0,84019,1650.3755356447214,11.0,109,71,55,18,30,23,44,48,77,134,140,161,170,153,129,130,143,145,108,89,122,163,163,142
161,2021-05-24,2626,24,69,1,73,4.953160700685453,4.0,m.search.naver.com,sg.shuct.net,포도호텔 모바일 홈페이지,sg.shuct.net,포도호텔 모바일 홈페이지,sg.shuct.net,0,84518,1718.134805788271,21.0,113,51,42,23,27,19,28,40,70,101,137,107,134,133,143,150,192,190,139,164,156,164,168,135
162,2021-05-25,2713,25,61,1,61,4.775525248802064,4.0,m.search.naver.com,비오토피아 웹 박물관 소개,포도호텔 모바일 홈페이지,골프클럽 접속 모바일 핀크스 회사 소개,포도호텔 모바일 홈페이지,인재채용 채용결과확인(기본 틀),0,85801,1804.3265757464062,17.0,118,49,31,22,22,18,35,54,76,115,142,150,128,139,169,154,171,150,137,159,156,156,202,160
163,2021-05-26,2636,20,52,1,44,4.830804248861912,4.0,m.search.naver.com,포도호텔 모바일 P-레저 프로그램 소개,포도호텔 모바일 홈페이지,포도호텔 모바일 예약 확인,포도호텔 모바일 홈페이지,www.google.nl,0,82551,1894.6843702579665,18.0,121,71,42,32,23,20,32,63,97,104,184,154,134,166,157,122,147,159,110,147,145,149,147,110
164,2021-05-27,2680,18,55,1,58,4.487313432835821,3.0,m.search.naver.com,proshop.thepinx.co.kr,포도호텔 모바일 홈페이지,디아넥스 모바일 객실 슈퍼리어 트윈 소개,포도호텔 모바일 홈페이지,골프클럽 접속 모바일 P-레저 예약신청,0,80869,1827.418656716418,9.0,122,42,36,23,18,23,39,49,91,125,127,151,140,139,163,149,174,139,126,133,146,174,207,144
165,2021-05-28,2376,19,44,1,70,4.866161616161616,4.0,m.search.naver.com,디아넥스 웹 객실패키지별 상세내용 안내,포도호텔 모바일 홈페이지,디아넥스 웹 객실 슈페리어 트윈 안내,포도호텔 모바일 홈페이지,영문 페이지 골프클럽 접속 웹 토너먼트 소개,0,84274,1815.348063973064,16.0,124,51,49,39,16,24,44,41,80,97,119,137,127,125,114,121,137,134,117,133,133,138,140,136
166,2021-05-29,2141,14,34,1,59,4.137786081270434,3.0,m.search.naver.com,img.side.mythiell.com,포도호텔 모바일 홈페이지,디아넥스 모바일 객실 슈퍼리어 더블 소개,포도호텔 모바일 홈페이지,디아넥스 모바일 비밀번호 변경,0,84040,1836.1233068659506,6.0,115,59,50,27,12,28,34,61,75,84,83,65,98,79,121,154,136,141,134,125,160,138,100,62
167,2021-05-30,2004,24,52,1,43,5.211576846307385,4.0,m.search.naver.com,포도호텔 웹 객실예약 로그인 프로세스,포도호텔 모바일 홈페이지,골프클럽 접속 웹 리조트 찾아오시는 길,포도호텔 모바일 홈페이지,디아넥스 웹 북카페 안내,0,84473,1574.0424151696607,23.0,96,61,39,18,17,24,29,43,64,79,89,102,93,92,94,124,110,106,88,115,137,123,134,127
